﻿Id,Label,Count
0,Harry Potter,282
1,Hermione Granger,221
2,Ron Weasley,167
3,Voldemort,27
4,Xenophilius Lovegood,25
5,Alastor Moody,18
6,Bellatrix Lestrange,15
7,Rufus Scrimgeour,14
8,Dobby,13
9,Scabior,13
10,Arthur Weasley,12
11,Remus Lupin,12
12,Rubeus Hagrid,11
13,Elphias Doge,11
14,Fred Weasley,10
15,Kreacher,10
16,George Weasley,9
17,Dolores Umbridge,8
18,Luna Lovegood,8
19,Ginny Weasley,8
20,Mundungus Fletcher,7
21,Muriel,7
22,Wizard,6
23,Vernon Dursley,6
24,Lucius Malfoy,6
25,Mary Cattermole,6
26,Corban Yaxley,6
27,Garrick Ollivander,4
28,Mrs. Granger,4
29,Petunia Dursley,4
30,Bill Weasley,4
31,Severus Snape,4
32,Dudley Dursley,4
33,Snatcher,3
34,Woman,3
35,Gellert Grindelwald,3
36,Molly Weasley,3
37,Griphook,3
38,Pius Thicknesse,3
39,Kingsley Shacklebolt,3
40,Peter Pettigrew,3
41,Draco Malfoy,2
42,Lily Potter,2
43,Fleur Delacour,2
44,Mr. Granger,2
45,Bathilda Bagshot,2
46,Nymphadora Tonks,2
47,Death Eater,2
48,Fenrir Greyback,1
49,Narcissa Malfoy,1
50,Mykew Gregorovitch,1
51,Voldemont,1
52,Man,1
53,Wakanda,1
54,Percy Weasley,1
55,Charity Burbage,1
56,Neville Longbottom,1
57,Cormac McLaggen,1
58,Patronus,1
59,Witch,1
60,All,0
61,Nagini,0
62,Dudley Dursely,0
63,Vernon Dursely,0
64,Dudley Dursely ,0
65,All ,0
66,Remus Lupin ,0
67,Harry,0
68,Sirius,0
69,Dementors,0
70,Ron Weasley ,0
71,Horcrux,0
72,Harry Potter ,0
73,Gellert Grindelward,0
