﻿Id,Label,Count
0,Harry Potter,314
1,Albus Dumbledore,99
2,Hermione Granger,94
3,Dolores Umbridge,80
4,Ron Weasley,53
5,Sirius Black,41
6,Cornelius Fudge,38
7,Severus Snape,29
8,Minerva McGonagall,24
9,Rubeus Hagrid,24
10,Arthur Weasley,23
11,Lucius Malfoy,22
12,Neville Longbottom,22
13,Remus Lupin,21
14,Alastor Moody,20
15,Bellatrix Lestrange,19
16,Luna Lovegood,19
17,Fred Weasley,15
18,James Potter,14
19,Molly Weasley,12
20,Ginny Weasley,11
21,Voldemort,11
22,George Weasley,11
23,Sybill Trelawney,10
24,Dudley Dursley,9
25,Draco Malfoy,8
26,Susan Bones,8
27,Vernon Dursley,8
28,Lily Potter,8
29,Angelina Johnson,7
30,Nearly Headless Nick,6
31,Dobby,5
32,Arabella Figg,5
33,Kingsley Shacklebolt,5
34,Kreacher,5
35,Death Eater,4
36,Witch,4
37,Grawp,4
38,Seamus Finnigan,3
39,Bane,3
40,Nymphadora Tonks,3
41,Zacharias Smith,2
42,Gang thug,2
43,Centaur,2
44,Magorian,2
45,Argus Filch,2
46,Griselda Marchbanks,2
47,Petunia Dursley,2
48,Phineas,2
49,Perkins,2
50,Everard,2
51,Rolanda Hooch,2
52,Walburga Black,2
53,Lee Jordan,2
54,Dean Thomas,1
55,Students,1
56,Lily potter,1
57,Ernest Macmillan,1
58,Cho Chang,1
59,Lavander Brown,1
60,Michael Corner,1
61,Justin Finch-Fletchley,1
62,Percy Weasley,1
63,Dilys Derwent,1
64,All,0
65,Hemione Granger,0
66,Harry potter,0
