﻿Id,Label,Count
0,Harry Potter,204
1,Hermione Granger,131
2,Ron Weasley,101
3,Remus Lupin,65
4,Albus Dumbledore,37
5,Cornelius Fudge,36
6,Sirius Black,32
7,Rubeus Hagrid,31
8,Severus Snape,28
9,Fred Weasley,21
10,George Weasley,21
11,Draco Malfoy,19
12,Marge Dursley,12
13,Stanley Shunpike,12
14,Neville Longbottom,11
15,Vernon Dursley,11
16,Minerva McGonagall,11
17,Rosmerta,10
18,Arthur Weasley,10
19,Sybill Trelawney,9
20,Seamus Finnigan,9
21,Shrunken head,7
22,Molly Weasley,7
23,Percy Weasley,5
24,Peter Pettigrew,5
25,Ghost,5
26,Vincent Crabbe,4
27,Other,4
28,Tom,4
29,Argus Filch,4
30,Petunia Dursley,3
31,The Fat Lady,3
32,All,2
33,Ginny Weasley,1
34,Filius Flitwick,1
35,Maid,1
36,Parvati Patil,1
37,Dean Thomas,1
38,Pansy Parkinson,1
39,Students,1
40,Dudley Dursley,0
41,Ripper,0
42,Ernie Prang,0
43,Hedwig,0
44,Buckbeak,0
45,Scabbers,0
