﻿Id,Label,Count
0,Harry Potter,266
1,Albus Dumbledore,144
2,Horace Slughorn,127
3,Hermione Granger,108
4,Ron Weasley,100
5,Severus Snape,39
6,Ginny Weasley,36
7,Tom Riddle,29
8,Draco Malfoy,27
9,Rubeus Hagrid,22
10,Bellatrix Lestrange,20
11,Minerva McGonagall,19
12,Luna Lovegood,16
13,Fred Weasley,14
14,Lavender Brown,9
15,George Weasley,9
16,Molly Weasley,9
17,Arthur Weasley,9
18,Narcissa Malfoy,8
19,Cormac McLaggen,7
20,Remus Lupin,6
21,Nymphadora Tonks,5
22,Mrs. Cole,5
23,Neville Longbottom,4
24,Filius Flitwick,4
25,Katie Bell,4
26,Waitress,4
27,Leanne,3
28,Waiter,2
29,Argus Filch,2
30,Pansy Parkinson,2
31,Blaise Zabini,2
32,Fenrir Greyback,2
33,Marcus Belby,1
34,Seamus Finnigan,1
35,Dean Thomas,1
36,Students,1
37,Eldred Worple,1
38,Skinny kid,1
39,Horace Horace Slughorn,1
40,All,0
