﻿Id,Label,Count
0,Harry Potter,186
1,Ron Weasley,79
2,Hermione Granger,64
3,Albus Dumbledore,54
4,Voldemort,46
5,Severus Snape,40
6,Neville Longbottom,35
7,Griphook,30
8,Aberforth Dumbledore,18
9,Luna Lovegood,16
10,Ginny Weasley,12
11,Helena Ravenclaw,12
12,Bellatrix Lestrange,12
13,Bogrod,10
14,Garrick Ollivander,9
15,Seamus Finnigan,8
16,Remus Lupin,6
17,Draco Malfoy,6
18,Albus Potter,6
19,Goblin,6
20,Argus Filch,4
21,Bill Weasley,4
22,Lily Potter,4
23,Lucius Malfoy,4
24,Cho Chang,3
25,Kingsley Shacklebolt,3
26,Narcissa Malfoy,2
27,Corban Yaxley,2
28,James Potter,2
29,Sirius Black,2
30,Fleur Delacour,2
31,Petunia Dursley,2
32,Sybill Trelawney,2
33,Gregory Goyle,2
34,Death Eater,2
35,Pansy parkinson,2
36,Dean Thomas,2
37,Alecto Carrow,1
38,Nymphadora Tonks,1
39,Nigel Wolpert,1
40,Fred Weasley,1
41,Pius Thicknesse,1
42,Oliver Wood,1
43,Student,1
44,Professors,1
45,Filius Flitwick,1
46,Sorting Hat,1
47,Arthur Weasley,1
48,Molly Weasley,1
49,Pomona Sprout,1
50, Ron Weasley,0
51,Bogrod ,0
52,Nagini,0
53,Ariana Dumbledore,0
54,Neville Longbottom ,0
55,All,0
56,All ,0
57,Minerva Mcgonagall,0
58,Pansy Parkinson,0
