﻿Id,Label,Count
0,Harry Potter,242
1,Ron Weasley,142
2,Hermione Granger,97
3,Rubeus Hagrid,86
4,Minerva McGonagall,31
5,Vernon Dursley,25
6,Albus Dumbledore,24
7,Neville Longbottom,18
8,Petunia Dursley,17
9,Dudley Dursley,17
10,Quirinus Quirrell,17
11,Rolanda Hooch,13
12,Draco Malfoy,13
13,Voldemort,10
14,Severus Snape,10
15,Lee Jordan,9
16,Percy Weasley,9
17,Oliver Wood,8
18,Seamus Finnigan,8
19,Sorting Hat,7
20,Girl,7
21,Argus Filch,6
22,Boy,5
23,Firenze,5
24,Fred Weasley,5
25,George Weasley,5
26,Nearly Headless Nick,5
27,Filius Flitwick,5
28,Molly Weasley,5
29,Man,4
30,Garrick Ollivander,3
31,Griphook,3
32,Class,2
33,Marcus Flint,2
34,Guard,2
35,All,2
36,Goblin,2
37,Tom,2
38,Students,1
39,Boy 2,1
40,Woman,1
41,The Fat Lady,1
42,Man in a painting,1
43,Bloody Baron,1
44,Ginny Weasley,1
45,Gryffindors,1
46,Crowd,1
47,Ghosts,1
48,Witch,1
49,Snake,1
50,Susan Bones,0
