﻿Id,Label,Count
0,Harry Potter,268
1,Ron Weasley,146
2,Hermione Granger,70
3,Gilderoy Lockhart,47
4,Albus Dumbledore,45
5,Rubeus Hagrid,38
6,Dobby,37
7,Tom Riddle,32
8,Lucius Malfoy,27
9,Draco Malfoy,25
10,Minerva McGonagall,24
11,Vernon Dursley,23
12,Molly Weasley,20
13,Moaning Myrtle,14
14,Arthur Weasley,14
15,Severus Snape,12
16,Other,11
17,Students,9
18,Aragog,8
19,Oliver Wood,7
20,Fred Weasley,7
21,Neville Longbottom,7
22,Argus Filch,7
23,Poppy Pomfrey,6
24,Pomona Sprout,6
25,Percy Weasley,6
26,Dudley Dursley,6
27,George Weasley,5
28,Cornelius Fudge,5
29,Petunia Dursley,5
30,Basilisk,5
31,Nearly Headless Nick,4
32,Seamus Finnigan,4
33,Pixie,4
34,Marcus Flint,4
35,Vincent Crabbe,3
36,Diary,3
37,Sorting Hat,3
38,Ginny Weasley,3
39,Lee Jordan,2
40,Collin Creevey,2
41,All,2
42,Photographer,2
43,Dean Thomas,1
44,Witch,1
45,Man in a painting,1
46,Justin Finch-Fletchley,1
47,Gregory Goyle,1
48,Howler,1
49,Whomping Willow,1
50,Station guard,1
