﻿Id,Label,Count
0,Harry Potter,161
1,Ron Weasley,76
2,Albus Dumbledore,71
3,Hermione Granger,63
4,Alastor Moody,55
5,Bartemius Crouch,26
6,Voldemort,22
7,Cedric Diggory,22
8,Minerva McGonagall,21
9,Arthur Weasley,19
10,Fred Weasley,19
11,George Weasley,18
12,Rubeus Hagrid,16
13,Igor Karkaroff,15
14,Neville Longbottom,13
15,Rita Skeeter,12
16,Sirius Black,11
17,Amos Diggory,9
18,Cho Chang,8
19,Peter Pettigrew,8
20,Olympe Maxime,8
21,Moaning Myrtle,6
22,Parvati Patil,6
23,Severus Snape,6
24,Student,6
25,Cornelius Fudge,5
26,Bartemius Crouch Junior,5
27,Seamus Finnigan,4
28,Lucius Malfoy,4
29,Trolley witch,3
30,Fleur Delacour,3
31,Draco Malfoy,3
32,Padma Patil,3
33,Ginny Weasley,2
34,Merpeople,2
35,Viktor Krum,2
36,Dean Thomas,1
37,James Potter,1
38,Old man,1
39,Voldermort,1
40,Nigel Wolpert,1
41,Filius Flitwick,1
42,Announcer,1
43,Lily Potter,1
44,All,0
45,Fred Wealey,0
46,Harry Weasley,0
47,Victor Krum,0
48,Wormtail,0
