﻿Id,Label,Count
0,Harry Potter,1923
1,Ron Weasley,864
2,Hermione Granger,848
3,Albus Dumbledore,474
4,Rubeus Hagrid,228
5,Severus Snape,168
6,Minerva McGonagall,130
7,Horace Slughorn,127
8,Voldemort,116
9,Neville Longbottom,111
10,Remus Lupin,110
11,Draco Malfoy,103
12,Alastor Moody,93
13,Fred Weasley,92
14,Arthur Weasley,88
15,Dolores Umbridge,88
16,Sirius Black,86
17,Cornelius Fudge,84
18,George Weasley,78
19,Ginny Weasley,74
20,Vernon Dursley,73
21,Bellatrix Lestrange,66
22,Lucius Malfoy,63
23,Tom Riddle,61
24,Luna Lovegood,59
25,Molly Weasley,57
26,Dobby,55
27,Gilderoy Lockhart,47
28,Seamus Finnigan,37
29,Griphook,36
30,Dudley Dursley,36
31,Petunia Dursley,33
32,Bartemius Crouch,26
33,Xenophilius Lovegood,25
34,Argus Filch,25
35,Cedric Diggory,22
36,Percy Weasley,22
37,Sybill Trelawney,21
38,Moaning Myrtle,20
39,Aberforth Dumbledore,18
40,Quirinus Quirrell,17
41,James Potter,17
42,Peter Pettigrew,16
43,Garrick Ollivander,16
44,Oliver Wood,16
45,Igor Karkaroff,15
46,Other,15
47,Lily Potter,15
48,Rolanda Hooch,15
49,Kreacher,15
50,Nearly Headless Nick,15
51,Rufus Scrimgeour,14
52,Scabior,13
53,Students,13
54,Lee Jordan,13
55,Helena Ravenclaw,12
56,Cho Chang,12
57,Filius Flitwick,12
58,Stanley Shunpike,12
59,Marge Dursley,12
60,Rita Skeeter,12
61,Kingsley Shacklebolt,11
62,Elphias Doge,11
63,Narcissa Malfoy,11
64,Nymphadora Tonks,11
65,Sorting Hat,11
66,Bogrod,10
67,Rosmerta,10
68,Lavender Brown,9
69,Amos Diggory,9
70,Aragog,8
71,Olympe Maxime,8
72,Death Eater,8
73,Susan Bones,8
74,Bill Weasley,8
75,Corban Yaxley,8
76,Goblin,8
77,Cormac McLaggen,8
78,Mundungus Fletcher,7
79,Dean Thomas,7
80,Muriel,7
81,Pomona Sprout,7
82,Witch,7
83,Student,7
84,Fleur Delacour,7
85,Parvati Patil,7
86,Girl,7
87,Shrunken head,7
88,Vincent Crabbe,7
89,Angelina Johnson,7
90,All,6
91,Marcus Flint,6
92,Albus Potter,6
93,Wizard,6
94,Mary Cattermole,6
95,Tom,6
96,Poppy Pomfrey,6
97,Boy,5
98,Ghost,5
99,Man,5
100,Basilisk,5
101,Arabella Figg,5
102,Mrs. Cole,5
103,Bartemius Crouch Junior,5
104,Firenze,5
105,Pixie,4
106,Katie Bell,4
107,Woman,4
108,Waitress,4
109,Mrs. Granger,4
110,Pius Thicknesse,4
111,The Fat Lady,4
112,Grawp,4
113,Gellert Grindelwald,3
114,Leanne,3
115,Gregory Goyle,3
116,Fenrir Greyback,3
117,Snatcher,3
118,Bane,3
119,Diary,3
120,Pansy Parkinson,3
121,Trolley witch,3
122,Padma Patil,3
123,Guard,2
124,Blaise Zabini,2
125,Pansy parkinson,2
126,Justin Finch-Fletchley,2
127,Bathilda Bagshot,2
128,Collin Creevey,2
129,Photographer,2
130,Viktor Krum,2
131,Nigel Wolpert,2
132,Mr. Granger,2
133,Waiter,2
134,Merpeople,2
135,Gang thug,2
136,Everard,2
137,Perkins,2
138,Zacharias Smith,2
139,Griselda Marchbanks,2
140,Class,2
141,Magorian,2
142,Walburga Black,2
143,Phineas,2
144,Centaur,2
145,Man in a painting,2
146,Wakanda,1
147,Mykew Gregorovitch,1
148,Old man,1
149,Gryffindors,1
150,Patronus,1
151,Howler,1
152,Maid,1
153,Dilys Derwent,1
154,Alecto Carrow,1
155,Michael Corner,1
156,Professors,1
157,Snake,1
158,Announcer,1
159,Station guard,1
160,Whomping Willow,1
161,Lily potter,1
162,Voldemont,1
163,Ghosts,1
164,Charity Burbage,1
165,Boy 2,1
166,Ernest Macmillan,1
167,Voldermort,1
168,Eldred Worple,1
169,Marcus Belby,1
170,Horace Horace Slughorn,1
171,Skinny kid,1
172,Crowd,1
173,Bloody Baron,1
174,Lavander Brown,1
175,Ripper,0
176,Ernie Prang,0
177,Hedwig,0
178,Buckbeak,0
179,Scabbers,0
180,Fred Wealey,0
181,Harry Weasley,0
182,Victor Krum,0
183,Wormtail,0
184,Hemione Granger,0
185,Harry potter,0
186,Nagini,0
187,Dudley Dursely,0
188,Vernon Dursely,0
189,Dudley Dursely ,0
190,All ,0
191,Remus Lupin ,0
192,Harry,0
193,Sirius,0
194,Dementors,0
195,Ron Weasley ,0
196,Horcrux,0
197,Harry Potter ,0
198,Gellert Grindelward,0
199, Ron Weasley,0
200,Bogrod ,0
201,Ariana Dumbledore,0
202,Neville Longbottom ,0
203,Minerva Mcgonagall,0
